item_name,item_url
Achilles,https://littlealchemy2.gambledude.com/little-alchemy-2-cheats/achilles.html
acid rain,https://littlealchemy2.gambledude.com/little-alchemy-2-cheats/acid-rain.html
Aegis,https://littlealchemy2.gambledude.com/little-alchemy-2-cheats/aegis.html
Aeolus,https://littlealchemy2.gambledude.com/little-alchemy-2-cheats/aeolus.html
air,https://littlealchemy2.gambledude.com/little-alchemy-2-cheats/air.html
airplane,https://littlealchemy2.gambledude.com/little-alchemy-2-cheats/airplane.html
alarm clock,https://littlealchemy2.gambledude.com/little-alchemy-2-cheats/alarm-clock.html
alchemist,https://littlealchemy2.gambledude.com/little-alchemy-2-cheats/alchemist.html
alcohol,https://littlealchemy2.gambledude.com/little-alchemy-2-cheats/alcohol.html
algae,https://littlealchemy2.gambledude.com/little-alchemy-2-cheats/algae.html
alien,https://littlealchemy2.gambledude.com/little-alchemy-2-cheats/alien.html
allergy,https://littlealchemy2.gambledude.com/little-alchemy-2-cheats/allergy.html
alligator,https://littlealchemy2.gambledude.com/little-alchemy-2-cheats/alligator.html
alpaca,https://littlealchemy2.gambledude.com/little-alchemy-2-cheats/alpaca.html
ambulance,https://littlealchemy2.gambledude.com/little-alchemy-2-cheats/ambulance.html
angel,https://littlealchemy2.gambledude.com/little-alchemy-2-cheats/angel.html
angler,https://littlealchemy2.gambledude.com/little-alchemy-2-cheats/angler.html
animal,https://littlealchemy2.gambledude.com/little-alchemy-2-cheats/animal.html
Ankh,https://littlealchemy2.gambledude.com/little-alchemy-2-cheats/ankh.html
ant,https://littlealchemy2.gambledude.com/little-alchemy-2-cheats/ant.html
ant farm,https://littlealchemy2.gambledude.com/little-alchemy-2-cheats/ant-farm.html
antarctica,https://littlealchemy2.gambledude.com/little-alchemy-2-cheats/antarctica.html
anthill,https://littlealchemy2.gambledude.com/little-alchemy-2-cheats/anthill.html
Apple of Discord,https://littlealchemy2.gambledude.com/little-alchemy-2-cheats/apple-of-discord.html
apron,https://littlealchemy2.gambledude.com/little-alchemy-2-cheats/apron.html
aquarium,https://littlealchemy2.gambledude.com/little-alchemy-2-cheats/aquarium.html
archeologist,https://littlealchemy2.gambledude.com/little-alchemy-2-cheats/archeologist.html
archipelago,https://littlealchemy2.gambledude.com/little-alchemy-2-cheats/archipelago.html
arctic,https://littlealchemy2.gambledude.com/little-alchemy-2-cheats/arctic.html
armadillo,https://littlealchemy2.gambledude.com/little-alchemy-2-cheats/armadillo.html
armor,https://littlealchemy2.gambledude.com/little-alchemy-2-cheats/armor.html
arrow,https://littlealchemy2.gambledude.com/little-alchemy-2-cheats/arrow.html
ash,https://littlealchemy2.gambledude.com/little-alchemy-2-cheats/ash.html
astronaut,https://littlealchemy2.gambledude.com/little-alchemy-2-cheats/astronaut.html
astronomer,https://littlealchemy2.gambledude.com/little-alchemy-2-cheats/astronomer.html
atmosphere,https://littlealchemy2.gambledude.com/little-alchemy-2-cheats/atmosphere.html
atomic bomb,https://littlealchemy2.gambledude.com/little-alchemy-2-cheats/atomic-bomb.html
aurora,https://littlealchemy2.gambledude.com/little-alchemy-2-cheats/aurora.html
avalanche,https://littlealchemy2.gambledude.com/little-alchemy-2-cheats/avalanche.html
aviary,https://littlealchemy2.gambledude.com/little-alchemy-2-cheats/aviary.html
axe,https://littlealchemy2.gambledude.com/little-alchemy-2-cheats/axe.html
Baast,https://littlealchemy2.gambledude.com/little-alchemy-2-cheats/baast.html
Baba Yaga,https://littlealchemy2.gambledude.com/little-alchemy-2-cheats/baba-yaga.html
Babe the Blue Ox,https://littlealchemy2.gambledude.com/little-alchemy-2-cheats/babe-the-blue-ox.html
bacon,https://littlealchemy2.gambledude.com/little-alchemy-2-cheats/bacon.html
bacteria,https://littlealchemy2.gambledude.com/little-alchemy-2-cheats/bacteria.html
baker,https://littlealchemy2.gambledude.com/little-alchemy-2-cheats/baker.html
bakery,https://littlealchemy2.gambledude.com/little-alchemy-2-cheats/bakery.html
banana,https://littlealchemy2.gambledude.com/little-alchemy-2-cheats/banana.html
banana bread,https://littlealchemy2.gambledude.com/little-alchemy-2-cheats/banana-bread.html
bandage,https://littlealchemy2.gambledude.com/little-alchemy-2-cheats/bandage.html
bank,https://littlealchemy2.gambledude.com/little-alchemy-2-cheats/bank.html
Banshee,https://littlealchemy2.gambledude.com/little-alchemy-2-cheats/banshee.html
barn,https://littlealchemy2.gambledude.com/little-alchemy-2-cheats/barn.html
barrel,https://littlealchemy2.gambledude.com/little-alchemy-2-cheats/barrel.html
bat,https://littlealchemy2.gambledude.com/little-alchemy-2-cheats/bat.html
batter,https://littlealchemy2.gambledude.com/little-alchemy-2-cheats/batter.html
battery,https://littlealchemy2.gambledude.com/little-alchemy-2-cheats/battery.html
bayonet,https://littlealchemy2.gambledude.com/little-alchemy-2-cheats/bayonet.html
bbq,https://littlealchemy2.gambledude.com/little-alchemy-2-cheats/bbq.html
beach,https://littlealchemy2.gambledude.com/little-alchemy-2-cheats/beach.html
beaver,https://littlealchemy2.gambledude.com/little-alchemy-2-cheats/beaver.html
bee,https://littlealchemy2.gambledude.com/little-alchemy-2-cheats/bee.html
beehive,https://littlealchemy2.gambledude.com/little-alchemy-2-cheats/beehive.html
beekeeper,https://littlealchemy2.gambledude.com/little-alchemy-2-cheats/beekeeper.html
beer,https://littlealchemy2.gambledude.com/little-alchemy-2-cheats/beer.html
bell,https://littlealchemy2.gambledude.com/little-alchemy-2-cheats/bell.html
bicycle,https://littlealchemy2.gambledude.com/little-alchemy-2-cheats/bicycle.html
big,https://littlealchemy2.gambledude.com/little-alchemy-2-cheats/big.html
binoculars,https://littlealchemy2.gambledude.com/little-alchemy-2-cheats/binoculars.html
bird,https://littlealchemy2.gambledude.com/little-alchemy-2-cheats/bird.html
birdcage,https://littlealchemy2.gambledude.com/little-alchemy-2-cheats/birdcage.html
birdhouse,https://littlealchemy2.gambledude.com/little-alchemy-2-cheats/birdhouse.html
black hole,https://littlealchemy2.gambledude.com/little-alchemy-2-cheats/black-hole.html
blade,https://littlealchemy2.gambledude.com/little-alchemy-2-cheats/blade.html
blender,https://littlealchemy2.gambledude.com/little-alchemy-2-cheats/blender.html
blizzard,https://littlealchemy2.gambledude.com/little-alchemy-2-cheats/blizzard.html
blood,https://littlealchemy2.gambledude.com/little-alchemy-2-cheats/blood.html
blood bag,https://littlealchemy2.gambledude.com/little-alchemy-2-cheats/blood-bag.html
boat,https://littlealchemy2.gambledude.com/little-alchemy-2-cheats/boat.html
boiler,https://littlealchemy2.gambledude.com/little-alchemy-2-cheats/boiler.html
bone,https://littlealchemy2.gambledude.com/little-alchemy-2-cheats/bone.html
bonsai tree,https://littlealchemy2.gambledude.com/little-alchemy-2-cheats/bonsai-tree.html
book,https://littlealchemy2.gambledude.com/little-alchemy-2-cheats/book.html
Book of the Dead,https://littlealchemy2.gambledude.com/little-alchemy-2-cheats/book-of-the-dead.html
bottle,https://littlealchemy2.gambledude.com/little-alchemy-2-cheats/bottle.html
boulder,https://littlealchemy2.gambledude.com/little-alchemy-2-cheats/boulder.html
bow,https://littlealchemy2.gambledude.com/little-alchemy-2-cheats/bow.html
box,https://littlealchemy2.gambledude.com/little-alchemy-2-cheats/box.html
bread,https://littlealchemy2.gambledude.com/little-alchemy-2-cheats/bread.html
brick,https://littlealchemy2.gambledude.com/little-alchemy-2-cheats/brick.html
bridge,https://littlealchemy2.gambledude.com/little-alchemy-2-cheats/bridge.html
broom,https://littlealchemy2.gambledude.com/little-alchemy-2-cheats/broom.html
bucket,https://littlealchemy2.gambledude.com/little-alchemy-2-cheats/bucket.html
bullet,https://littlealchemy2.gambledude.com/little-alchemy-2-cheats/bullet.html
bulletproof vest,https://littlealchemy2.gambledude.com/little-alchemy-2-cheats/bulletproof-vest.html
Bunyip,https://littlealchemy2.gambledude.com/little-alchemy-2-cheats/bunyip.html
bus,https://littlealchemy2.gambledude.com/little-alchemy-2-cheats/bus.html
butcher,https://littlealchemy2.gambledude.com/little-alchemy-2-cheats/butcher.html
butter,https://littlealchemy2.gambledude.com/little-alchemy-2-cheats/butter.html
butterfly,https://littlealchemy2.gambledude.com/little-alchemy-2-cheats/butterfly.html
butterfly net,https://littlealchemy2.gambledude.com/little-alchemy-2-cheats/butterfly-net.html
cable car,https://littlealchemy2.gambledude.com/little-alchemy-2-cheats/cable-car.html
cactus,https://littlealchemy2.gambledude.com/little-alchemy-2-cheats/cactus.html
cage,https://littlealchemy2.gambledude.com/little-alchemy-2-cheats/cage.html
cake,https://littlealchemy2.gambledude.com/little-alchemy-2-cheats/cake.html
Calydonian Boar,https://littlealchemy2.gambledude.com/little-alchemy-2-cheats/calydonian-boar.html
Camazotz,https://littlealchemy2.gambledude.com/little-alchemy-2-cheats/camazotz.html
camel,https://littlealchemy2.gambledude.com/little-alchemy-2-cheats/camel.html
campfire,https://littlealchemy2.gambledude.com/little-alchemy-2-cheats/campfire.html
candle,https://littlealchemy2.gambledude.com/little-alchemy-2-cheats/candle.html
candy cane,https://littlealchemy2.gambledude.com/little-alchemy-2-cheats/candy-cane.html
cannon,https://littlealchemy2.gambledude.com/little-alchemy-2-cheats/cannon.html
canvas,https://littlealchemy2.gambledude.com/little-alchemy-2-cheats/canvas.html
car,https://littlealchemy2.gambledude.com/little-alchemy-2-cheats/car.html
caramel,https://littlealchemy2.gambledude.com/little-alchemy-2-cheats/caramel.html
carbon dioxide,https://littlealchemy2.gambledude.com/little-alchemy-2-cheats/carbon-dioxide.html
carrot,https://littlealchemy2.gambledude.com/little-alchemy-2-cheats/carrot.html
cart,https://littlealchemy2.gambledude.com/little-alchemy-2-cheats/cart.html
cashmere,https://littlealchemy2.gambledude.com/little-alchemy-2-cheats/cashmere.html
castle,https://littlealchemy2.gambledude.com/little-alchemy-2-cheats/castle.html
cat,https://littlealchemy2.gambledude.com/little-alchemy-2-cheats/cat.html
catnip,https://littlealchemy2.gambledude.com/little-alchemy-2-cheats/catnip.html
cauldron,https://littlealchemy2.gambledude.com/little-alchemy-2-cheats/cauldron.html
cave,https://littlealchemy2.gambledude.com/little-alchemy-2-cheats/cave.html
caviar,https://littlealchemy2.gambledude.com/little-alchemy-2-cheats/caviar.html
centaur,https://littlealchemy2.gambledude.com/little-alchemy-2-cheats/centaur.html
cereal,https://littlealchemy2.gambledude.com/little-alchemy-2-cheats/cereal.html
chain,https://littlealchemy2.gambledude.com/little-alchemy-2-cheats/chain.html
chainsaw,https://littlealchemy2.gambledude.com/little-alchemy-2-cheats/chainsaw.html
chameleon,https://littlealchemy2.gambledude.com/little-alchemy-2-cheats/chameleon.html
Chang'e,https://littlealchemy2.gambledude.com/little-alchemy-2-cheats/chang-e.html
Changeling,https://littlealchemy2.gambledude.com/little-alchemy-2-cheats/changeling.html
charcoal,https://littlealchemy2.gambledude.com/little-alchemy-2-cheats/charcoal.html
cheese,https://littlealchemy2.gambledude.com/little-alchemy-2-cheats/cheese.html
cheeseburger,https://littlealchemy2.gambledude.com/little-alchemy-2-cheats/cheeseburger.html
chicken,https://littlealchemy2.gambledude.com/little-alchemy-2-cheats/chicken.html
chicken coop,https://littlealchemy2.gambledude.com/little-alchemy-2-cheats/chicken-coop.html
chicken soup,https://littlealchemy2.gambledude.com/little-alchemy-2-cheats/chicken-soup.html
chicken wing,https://littlealchemy2.gambledude.com/little-alchemy-2-cheats/chicken-wing.html
chill,https://littlealchemy2.gambledude.com/little-alchemy-2-cheats/chill.html
Chimera,https://littlealchemy2.gambledude.com/little-alchemy-2-cheats/chimera.html
chimney,https://littlealchemy2.gambledude.com/little-alchemy-2-cheats/chimney.html
Chinese Dragon,https://littlealchemy2.gambledude.com/little-alchemy-2-cheats/chinese-dragon.html
chocolate,https://littlealchemy2.gambledude.com/little-alchemy-2-cheats/chocolate.html
chocolate milk,https://littlealchemy2.gambledude.com/little-alchemy-2-cheats/chocolate-milk.html
christmas stocking,https://littlealchemy2.gambledude.com/little-alchemy-2-cheats/christmas-stocking.html
christmas tree,https://littlealchemy2.gambledude.com/little-alchemy-2-cheats/christmas-tree.html
cigarette,https://littlealchemy2.gambledude.com/little-alchemy-2-cheats/cigarette.html
circus,https://littlealchemy2.gambledude.com/little-alchemy-2-cheats/circus.html
city,https://littlealchemy2.gambledude.com/little-alchemy-2-cheats/city.html
clay,https://littlealchemy2.gambledude.com/little-alchemy-2-cheats/clay.html
clock,https://littlealchemy2.gambledude.com/little-alchemy-2-cheats/clock.html
closet,https://littlealchemy2.gambledude.com/little-alchemy-2-cheats/closet.html
cloud,https://littlealchemy2.gambledude.com/little-alchemy-2-cheats/cloud.html
coal,https://littlealchemy2.gambledude.com/little-alchemy-2-cheats/coal.html
Cockatrice,https://littlealchemy2.gambledude.com/little-alchemy-2-cheats/cockatrice.html
coconut,https://littlealchemy2.gambledude.com/little-alchemy-2-cheats/coconut.html
coconut milk,https://littlealchemy2.gambledude.com/little-alchemy-2-cheats/coconut-milk.html
coffin,https://littlealchemy2.gambledude.com/little-alchemy-2-cheats/coffin.html
cold,https://littlealchemy2.gambledude.com/little-alchemy-2-cheats/cold.html
combustion engine,https://littlealchemy2.gambledude.com/little-alchemy-2-cheats/combustion-engine.html
computer,https://littlealchemy2.gambledude.com/little-alchemy-2-cheats/computer.html
computer mouse,https://littlealchemy2.gambledude.com/little-alchemy-2-cheats/computer-mouse.html
confetti,https://littlealchemy2.gambledude.com/little-alchemy-2-cheats/confetti.html
constellation,https://littlealchemy2.gambledude.com/little-alchemy-2-cheats/constellation.html
container,https://littlealchemy2.gambledude.com/little-alchemy-2-cheats/container.html
continent,https://littlealchemy2.gambledude.com/little-alchemy-2-cheats/continent.html
cook,https://littlealchemy2.gambledude.com/little-alchemy-2-cheats/cook.html
cookbook,https://littlealchemy2.gambledude.com/little-alchemy-2-cheats/cookbook.html
cookie,https://littlealchemy2.gambledude.com/little-alchemy-2-cheats/cookie.html
cookie cutter,https://littlealchemy2.gambledude.com/little-alchemy-2-cheats/cookie-cutter.html
cookie dough,https://littlealchemy2.gambledude.com/little-alchemy-2-cheats/cookie-dough.html
coral,https://littlealchemy2.gambledude.com/little-alchemy-2-cheats/coral.html
corpse,https://littlealchemy2.gambledude.com/little-alchemy-2-cheats/corpse.html
Cosmic Egg,https://littlealchemy2.gambledude.com/little-alchemy-2-cheats/cosmic-egg.html
cotton,https://littlealchemy2.gambledude.com/little-alchemy-2-cheats/cotton.html
cotton candy,https://littlealchemy2.gambledude.com/little-alchemy-2-cheats/cotton-candy.html
cow,https://littlealchemy2.gambledude.com/little-alchemy-2-cheats/cow.html
crayon,https://littlealchemy2.gambledude.com/little-alchemy-2-cheats/crayon.html
crow,https://littlealchemy2.gambledude.com/little-alchemy-2-cheats/crow.html
crystal ball,https://littlealchemy2.gambledude.com/little-alchemy-2-cheats/crystal-ball.html
Cthulhu,https://littlealchemy2.gambledude.com/little-alchemy-2-cheats/cthulhu.html
cuckoo,https://littlealchemy2.gambledude.com/little-alchemy-2-cheats/cuckoo.html
cup,https://littlealchemy2.gambledude.com/little-alchemy-2-cheats/cup.html
Cupid,https://littlealchemy2.gambledude.com/little-alchemy-2-cheats/cupid.html
current,https://littlealchemy2.gambledude.com/little-alchemy-2-cheats/current.html
Curse,https://littlealchemy2.gambledude.com/little-alchemy-2-cheats/curse.html
cutting board,https://littlealchemy2.gambledude.com/little-alchemy-2-cheats/cutting-board.html
cyborg,https://littlealchemy2.gambledude.com/little-alchemy-2-cheats/cyborg.html
cyclist,https://littlealchemy2.gambledude.com/little-alchemy-2-cheats/cyclist.html
Cyclops,https://littlealchemy2.gambledude.com/little-alchemy-2-cheats/cyclops.html
dam,https://littlealchemy2.gambledude.com/little-alchemy-2-cheats/dam.html
darkness,https://littlealchemy2.gambledude.com/little-alchemy-2-cheats/darkness.html
dawn,https://littlealchemy2.gambledude.com/little-alchemy-2-cheats/dawn.html
day,https://littlealchemy2.gambledude.com/little-alchemy-2-cheats/day.html
death,https://littlealchemy2.gambledude.com/little-alchemy-2-cheats/death.html
Deity,https://littlealchemy2.gambledude.com/little-alchemy-2-cheats/deity.html
Demon,https://littlealchemy2.gambledude.com/little-alchemy-2-cheats/demon.html
desert,https://littlealchemy2.gambledude.com/little-alchemy-2-cheats/desert.html
dew,https://littlealchemy2.gambledude.com/little-alchemy-2-cheats/dew.html
diamond,https://littlealchemy2.gambledude.com/little-alchemy-2-cheats/diamond.html
dinosaur,https://littlealchemy2.gambledude.com/little-alchemy-2-cheats/dinosaur.html
Dionysus,https://littlealchemy2.gambledude.com/little-alchemy-2-cheats/dionysus.html
diver,https://littlealchemy2.gambledude.com/little-alchemy-2-cheats/diver.html
Djinn,https://littlealchemy2.gambledude.com/little-alchemy-2-cheats/djinn.html
doctor,https://littlealchemy2.gambledude.com/little-alchemy-2-cheats/doctor.html
dog,https://littlealchemy2.gambledude.com/little-alchemy-2-cheats/dog.html
doge,https://littlealchemy2.gambledude.com/little-alchemy-2-cheats/doge.html
doghouse,https://littlealchemy2.gambledude.com/little-alchemy-2-cheats/doghouse.html
domestication,https://littlealchemy2.gambledude.com/little-alchemy-2-cheats/domestication.html
Domovoi,https://littlealchemy2.gambledude.com/little-alchemy-2-cheats/domovoi.html
don quixote,https://littlealchemy2.gambledude.com/little-alchemy-2-cheats/don-quixote.html
donut,https://littlealchemy2.gambledude.com/little-alchemy-2-cheats/donut.html
double rainbow!,https://littlealchemy2.gambledude.com/little-alchemy-2-cheats/double-rainbow.html
dough,https://littlealchemy2.gambledude.com/little-alchemy-2-cheats/dough.html
dragon,https://littlealchemy2.gambledude.com/little-alchemy-2-cheats/dragon.html
drone,https://littlealchemy2.gambledude.com/little-alchemy-2-cheats/drone.html
drum,https://littlealchemy2.gambledude.com/little-alchemy-2-cheats/drum.html
drunk,https://littlealchemy2.gambledude.com/little-alchemy-2-cheats/drunk.html
dry ice,https://littlealchemy2.gambledude.com/little-alchemy-2-cheats/dry-ice.html
Dryad,https://littlealchemy2.gambledude.com/little-alchemy-2-cheats/dryad.html
duck,https://littlealchemy2.gambledude.com/little-alchemy-2-cheats/duck.html
duckling,https://littlealchemy2.gambledude.com/little-alchemy-2-cheats/duckling.html
dune,https://littlealchemy2.gambledude.com/little-alchemy-2-cheats/dune.html
Durendal,https://littlealchemy2.gambledude.com/little-alchemy-2-cheats/durendal.html
dust,https://littlealchemy2.gambledude.com/little-alchemy-2-cheats/dust.html
dynamite,https://littlealchemy2.gambledude.com/little-alchemy-2-cheats/dynamite.html
eagle,https://littlealchemy2.gambledude.com/little-alchemy-2-cheats/eagle.html
earth,https://littlealchemy2.gambledude.com/little-alchemy-2-cheats/earth.html
earthquake,https://littlealchemy2.gambledude.com/little-alchemy-2-cheats/earthquake.html
eclipse,https://littlealchemy2.gambledude.com/little-alchemy-2-cheats/eclipse.html
egg,https://littlealchemy2.gambledude.com/little-alchemy-2-cheats/egg.html
egg timer,https://littlealchemy2.gambledude.com/little-alchemy-2-cheats/egg-timer.html
electric car,https://littlealchemy2.gambledude.com/little-alchemy-2-cheats/electric-car.html
electric eel,https://littlealchemy2.gambledude.com/little-alchemy-2-cheats/electric-eel.html
electrician,https://littlealchemy2.gambledude.com/little-alchemy-2-cheats/electrician.html
electricity,https://littlealchemy2.gambledude.com/little-alchemy-2-cheats/electricity.html
Elf,https://littlealchemy2.gambledude.com/little-alchemy-2-cheats/elf.html
Elixir of Life,https://littlealchemy2.gambledude.com/little-alchemy-2-cheats/elixir-of-life.html
email,https://littlealchemy2.gambledude.com/little-alchemy-2-cheats/email.html
energy,https://littlealchemy2.gambledude.com/little-alchemy-2-cheats/energy.html
engineer,https://littlealchemy2.gambledude.com/little-alchemy-2-cheats/engineer.html
Epona,https://littlealchemy2.gambledude.com/little-alchemy-2-cheats/epona.html
eruption,https://littlealchemy2.gambledude.com/little-alchemy-2-cheats/eruption.html
evil,https://littlealchemy2.gambledude.com/little-alchemy-2-cheats/evil.html
excalibur,https://littlealchemy2.gambledude.com/little-alchemy-2-cheats/excalibur.html
excavator,https://littlealchemy2.gambledude.com/little-alchemy-2-cheats/excavator.html
explosion,https://littlealchemy2.gambledude.com/little-alchemy-2-cheats/explosion.html
fabric,https://littlealchemy2.gambledude.com/little-alchemy-2-cheats/fabric.html
factory,https://littlealchemy2.gambledude.com/little-alchemy-2-cheats/factory.html
Faerie,https://littlealchemy2.gambledude.com/little-alchemy-2-cheats/faerie.html
fairy tale,https://littlealchemy2.gambledude.com/little-alchemy-2-cheats/fairy-tale.html
family,https://littlealchemy2.gambledude.com/little-alchemy-2-cheats/family.html
family tree,https://littlealchemy2.gambledude.com/little-alchemy-2-cheats/family-tree.html
farm,https://littlealchemy2.gambledude.com/little-alchemy-2-cheats/farm.html
farmer,https://littlealchemy2.gambledude.com/little-alchemy-2-cheats/farmer.html
Father Time,https://littlealchemy2.gambledude.com/little-alchemy-2-cheats/father-time.html
faun,https://littlealchemy2.gambledude.com/little-alchemy-2-cheats/faun.html
fence,https://littlealchemy2.gambledude.com/little-alchemy-2-cheats/fence.html
Fenrir,https://littlealchemy2.gambledude.com/little-alchemy-2-cheats/fenrir.html
field,https://littlealchemy2.gambledude.com/little-alchemy-2-cheats/field.html
fire,https://littlealchemy2.gambledude.com/little-alchemy-2-cheats/fire.html
fire extinguisher,https://littlealchemy2.gambledude.com/little-alchemy-2-cheats/fire-extinguisher.html
firefighter,https://littlealchemy2.gambledude.com/little-alchemy-2-cheats/firefighter.html
fireplace,https://littlealchemy2.gambledude.com/little-alchemy-2-cheats/fireplace.html
firestation,https://littlealchemy2.gambledude.com/little-alchemy-2-cheats/firestation.html
firetruck,https://littlealchemy2.gambledude.com/little-alchemy-2-cheats/firetruck.html
firewall,https://littlealchemy2.gambledude.com/little-alchemy-2-cheats/firewall.html
fireworks,https://littlealchemy2.gambledude.com/little-alchemy-2-cheats/fireworks.html
fish,https://littlealchemy2.gambledude.com/little-alchemy-2-cheats/fish.html
fishing rod,https://littlealchemy2.gambledude.com/little-alchemy-2-cheats/fishing-rod.html
flamethrower,https://littlealchemy2.gambledude.com/little-alchemy-2-cheats/flamethrower.html
flashlight,https://littlealchemy2.gambledude.com/little-alchemy-2-cheats/flashlight.html
flood,https://littlealchemy2.gambledude.com/little-alchemy-2-cheats/flood.html
flour,https://littlealchemy2.gambledude.com/little-alchemy-2-cheats/flour.html
flower,https://littlealchemy2.gambledude.com/little-alchemy-2-cheats/flower.html
flute,https://littlealchemy2.gambledude.com/little-alchemy-2-cheats/flute.html
flying fish,https://littlealchemy2.gambledude.com/little-alchemy-2-cheats/flying-fish.html
flying squirrel,https://littlealchemy2.gambledude.com/little-alchemy-2-cheats/flying-squirrel.html
fog,https://littlealchemy2.gambledude.com/little-alchemy-2-cheats/fog.html
force knight,https://littlealchemy2.gambledude.com/little-alchemy-2-cheats/force-knight.html
forest,https://littlealchemy2.gambledude.com/little-alchemy-2-cheats/forest.html
fork,https://littlealchemy2.gambledude.com/little-alchemy-2-cheats/fork.html
fortune cookie,https://littlealchemy2.gambledude.com/little-alchemy-2-cheats/fortune-cookie.html
fossil,https://littlealchemy2.gambledude.com/little-alchemy-2-cheats/fossil.html
fountain,https://littlealchemy2.gambledude.com/little-alchemy-2-cheats/fountain.html
Fountain of Youth,https://littlealchemy2.gambledude.com/little-alchemy-2-cheats/fountain-of-youth.html
fox,https://littlealchemy2.gambledude.com/little-alchemy-2-cheats/fox.html
frankenstein's monster,https://littlealchemy2.gambledude.com/little-alchemy-2-cheats/frankensteins-monster.html
french fries,https://littlealchemy2.gambledude.com/little-alchemy-2-cheats/french-fries.html
fridge,https://littlealchemy2.gambledude.com/little-alchemy-2-cheats/fridge.html
frog,https://littlealchemy2.gambledude.com/little-alchemy-2-cheats/frog.html
frozen yogurt,https://littlealchemy2.gambledude.com/little-alchemy-2-cheats/frozen-yogurt.html
fruit,https://littlealchemy2.gambledude.com/little-alchemy-2-cheats/fruit.html
fruit tree,https://littlealchemy2.gambledude.com/little-alchemy-2-cheats/fruit-tree.html
galaxy,https://littlealchemy2.gambledude.com/little-alchemy-2-cheats/galaxy.html
galaxy cluster,https://littlealchemy2.gambledude.com/little-alchemy-2-cheats/galaxy-cluster.html
garage,https://littlealchemy2.gambledude.com/little-alchemy-2-cheats/garage.html
garden,https://littlealchemy2.gambledude.com/little-alchemy-2-cheats/garden.html
gardener,https://littlealchemy2.gambledude.com/little-alchemy-2-cheats/gardener.html
Gargoyle,https://littlealchemy2.gambledude.com/little-alchemy-2-cheats/gargoyle.html
Garuda,https://littlealchemy2.gambledude.com/little-alchemy-2-cheats/garuda.html
gas,https://littlealchemy2.gambledude.com/little-alchemy-2-cheats/gas.html
Gashadokuro,https://littlealchemy2.gambledude.com/little-alchemy-2-cheats/gashadokuro.html
geyser,https://littlealchemy2.gambledude.com/little-alchemy-2-cheats/geyser.html
ghost,https://littlealchemy2.gambledude.com/little-alchemy-2-cheats/ghost.html
Giant,https://littlealchemy2.gambledude.com/little-alchemy-2-cheats/giant.html
gift,https://littlealchemy2.gambledude.com/little-alchemy-2-cheats/gift.html
gingerbread house,https://littlealchemy2.gambledude.com/little-alchemy-2-cheats/gingerbread-house.html
gingerbread man,https://littlealchemy2.gambledude.com/little-alchemy-2-cheats/gingerbread-man.html
glacier,https://littlealchemy2.gambledude.com/little-alchemy-2-cheats/glacier.html
glass,https://littlealchemy2.gambledude.com/little-alchemy-2-cheats/glass.html
glasses,https://littlealchemy2.gambledude.com/little-alchemy-2-cheats/glasses.html
gnome,https://littlealchemy2.gambledude.com/little-alchemy-2-cheats/gnome.html
goat,https://littlealchemy2.gambledude.com/little-alchemy-2-cheats/goat.html
Goblin,https://littlealchemy2.gambledude.com/little-alchemy-2-cheats/goblin.html
gold,https://littlealchemy2.gambledude.com/little-alchemy-2-cheats/gold.html
golem,https://littlealchemy2.gambledude.com/little-alchemy-2-cheats/golem.html
good,https://littlealchemy2.gambledude.com/little-alchemy-2-cheats/good.html
granite,https://littlealchemy2.gambledude.com/little-alchemy-2-cheats/granite.html
grass,https://littlealchemy2.gambledude.com/little-alchemy-2-cheats/grass.html
grave,https://littlealchemy2.gambledude.com/little-alchemy-2-cheats/grave.html
gravestone,https://littlealchemy2.gambledude.com/little-alchemy-2-cheats/gravestone.html
graveyard,https://littlealchemy2.gambledude.com/little-alchemy-2-cheats/graveyard.html
Green Man,https://littlealchemy2.gambledude.com/little-alchemy-2-cheats/green-man.html
greenhouse,https://littlealchemy2.gambledude.com/little-alchemy-2-cheats/greenhouse.html
Gremlin,https://littlealchemy2.gambledude.com/little-alchemy-2-cheats/gremlin.html
grenade,https://littlealchemy2.gambledude.com/little-alchemy-2-cheats/grenade.html
Griffin,https://littlealchemy2.gambledude.com/little-alchemy-2-cheats/griffin.html
grilled cheese,https://littlealchemy2.gambledude.com/little-alchemy-2-cheats/grilled-cheese.html
grim reaper,https://littlealchemy2.gambledude.com/little-alchemy-2-cheats/grim-reaper.html
gun,https://littlealchemy2.gambledude.com/little-alchemy-2-cheats/gun.html
gunpowder,https://littlealchemy2.gambledude.com/little-alchemy-2-cheats/gunpowder.html
gust,https://littlealchemy2.gambledude.com/little-alchemy-2-cheats/gust.html
hacker,https://littlealchemy2.gambledude.com/little-alchemy-2-cheats/hacker.html
hail,https://littlealchemy2.gambledude.com/little-alchemy-2-cheats/hail.html
ham,https://littlealchemy2.gambledude.com/little-alchemy-2-cheats/ham.html
hamburger,https://littlealchemy2.gambledude.com/little-alchemy-2-cheats/hamburger.html
hammer,https://littlealchemy2.gambledude.com/little-alchemy-2-cheats/hammer.html
hamster,https://littlealchemy2.gambledude.com/little-alchemy-2-cheats/hamster.html
hangar,https://littlealchemy2.gambledude.com/little-alchemy-2-cheats/hangar.html
harp,https://littlealchemy2.gambledude.com/little-alchemy-2-cheats/harp.html
hay,https://littlealchemy2.gambledude.com/little-alchemy-2-cheats/hay.html
hay bale,https://littlealchemy2.gambledude.com/little-alchemy-2-cheats/hay-bale.html
heat,https://littlealchemy2.gambledude.com/little-alchemy-2-cheats/heat.html
heaven,https://littlealchemy2.gambledude.com/little-alchemy-2-cheats/heaven.html
hedge,https://littlealchemy2.gambledude.com/little-alchemy-2-cheats/hedge.html
hedgehog,https://littlealchemy2.gambledude.com/little-alchemy-2-cheats/hedgehog.html
helicopter,https://littlealchemy2.gambledude.com/little-alchemy-2-cheats/helicopter.html
hell,https://littlealchemy2.gambledude.com/little-alchemy-2-cheats/hell.html
Hellhound,https://littlealchemy2.gambledude.com/little-alchemy-2-cheats/hellhound.html
hero,https://littlealchemy2.gambledude.com/little-alchemy-2-cheats/hero.html
hill,https://littlealchemy2.gambledude.com/little-alchemy-2-cheats/hill.html
hippo,https://littlealchemy2.gambledude.com/little-alchemy-2-cheats/hippo.html
Holy Grail,https://littlealchemy2.gambledude.com/little-alchemy-2-cheats/holy-grail.html
Holy Water,https://littlealchemy2.gambledude.com/little-alchemy-2-cheats/holy-water.html
honey,https://littlealchemy2.gambledude.com/little-alchemy-2-cheats/honey.html
horizon,https://littlealchemy2.gambledude.com/little-alchemy-2-cheats/horizon.html
horse,https://littlealchemy2.gambledude.com/little-alchemy-2-cheats/horse.html
horseshoe,https://littlealchemy2.gambledude.com/little-alchemy-2-cheats/horseshoe.html
hospital,https://littlealchemy2.gambledude.com/little-alchemy-2-cheats/hospital.html
hot chocolate,https://littlealchemy2.gambledude.com/little-alchemy-2-cheats/hot-chocolate.html
hourglass,https://littlealchemy2.gambledude.com/little-alchemy-2-cheats/hourglass.html
house,https://littlealchemy2.gambledude.com/little-alchemy-2-cheats/house.html
human,https://littlealchemy2.gambledude.com/little-alchemy-2-cheats/human.html
hummingbird,https://littlealchemy2.gambledude.com/little-alchemy-2-cheats/hummingbird.html
hurricane,https://littlealchemy2.gambledude.com/little-alchemy-2-cheats/hurricane.html
husky,https://littlealchemy2.gambledude.com/little-alchemy-2-cheats/husky.html
Hydra,https://littlealchemy2.gambledude.com/little-alchemy-2-cheats/hydra.html
ice,https://littlealchemy2.gambledude.com/little-alchemy-2-cheats/ice.html
ice cream,https://littlealchemy2.gambledude.com/little-alchemy-2-cheats/ice-cream.html
ice cream truck,https://littlealchemy2.gambledude.com/little-alchemy-2-cheats/ice-cream-truck.html
ice sculpture,https://littlealchemy2.gambledude.com/little-alchemy-2-cheats/ice-sculpture.html
iceberg,https://littlealchemy2.gambledude.com/little-alchemy-2-cheats/iceberg.html
iced tea,https://littlealchemy2.gambledude.com/little-alchemy-2-cheats/iced-tea.html
idea,https://littlealchemy2.gambledude.com/little-alchemy-2-cheats/idea.html
igloo,https://littlealchemy2.gambledude.com/little-alchemy-2-cheats/igloo.html
immortality,https://littlealchemy2.gambledude.com/little-alchemy-2-cheats/immortality.html
internet,https://littlealchemy2.gambledude.com/little-alchemy-2-cheats/internet.html
island,https://littlealchemy2.gambledude.com/little-alchemy-2-cheats/island.html
ivy,https://littlealchemy2.gambledude.com/little-alchemy-2-cheats/ivy.html
jack-o-lantern,https://littlealchemy2.gambledude.com/little-alchemy-2-cheats/jack-o-lantern.html
Jackalope,https://littlealchemy2.gambledude.com/little-alchemy-2-cheats/jackalope.html
jam,https://littlealchemy2.gambledude.com/little-alchemy-2-cheats/jam.html
jar,https://littlealchemy2.gambledude.com/little-alchemy-2-cheats/jar.html
jerky,https://littlealchemy2.gambledude.com/little-alchemy-2-cheats/jerky.html
Jiangshi,https://littlealchemy2.gambledude.com/little-alchemy-2-cheats/jiangshi.html
Jörmungandr,https://littlealchemy2.gambledude.com/little-alchemy-2-cheats/joermungandr.html
Jötunn,https://littlealchemy2.gambledude.com/little-alchemy-2-cheats/joetunn.html
juice,https://littlealchemy2.gambledude.com/little-alchemy-2-cheats/juice.html
jupiter,https://littlealchemy2.gambledude.com/little-alchemy-2-cheats/jupiter.html
kaiju,https://littlealchemy2.gambledude.com/little-alchemy-2-cheats/kaiju.html
Kanabō,https://littlealchemy2.gambledude.com/little-alchemy-2-cheats/kanabo.html
Kappa,https://littlealchemy2.gambledude.com/little-alchemy-2-cheats/kappa.html
katana,https://littlealchemy2.gambledude.com/little-alchemy-2-cheats/katana.html
Kelpie,https://littlealchemy2.gambledude.com/little-alchemy-2-cheats/kelpie.html
kite,https://littlealchemy2.gambledude.com/little-alchemy-2-cheats/kite.html
Kitsune,https://littlealchemy2.gambledude.com/little-alchemy-2-cheats/kitsune.html
knife,https://littlealchemy2.gambledude.com/little-alchemy-2-cheats/knife.html
knight,https://littlealchemy2.gambledude.com/little-alchemy-2-cheats/knight.html
Kraken,https://littlealchemy2.gambledude.com/little-alchemy-2-cheats/kraken.html
Krampus,https://littlealchemy2.gambledude.com/little-alchemy-2-cheats/krampus.html
lake,https://littlealchemy2.gambledude.com/little-alchemy-2-cheats/lake.html
lamp,https://littlealchemy2.gambledude.com/little-alchemy-2-cheats/lamp.html
land,https://littlealchemy2.gambledude.com/little-alchemy-2-cheats/land.html
laptop,https://littlealchemy2.gambledude.com/little-alchemy-2-cheats/laptop.html
lasso,https://littlealchemy2.gambledude.com/little-alchemy-2-cheats/lasso.html
lava,https://littlealchemy2.gambledude.com/little-alchemy-2-cheats/lava.html
lava lamp,https://littlealchemy2.gambledude.com/little-alchemy-2-cheats/lava-lamp.html
lawn,https://littlealchemy2.gambledude.com/little-alchemy-2-cheats/lawn.html
lawn mower,https://littlealchemy2.gambledude.com/little-alchemy-2-cheats/lawn-mower.html
leaf,https://littlealchemy2.gambledude.com/little-alchemy-2-cheats/leaf.html
leather,https://littlealchemy2.gambledude.com/little-alchemy-2-cheats/leather.html
legend,https://littlealchemy2.gambledude.com/little-alchemy-2-cheats/legend.html
lens,https://littlealchemy2.gambledude.com/little-alchemy-2-cheats/lens.html
letter,https://littlealchemy2.gambledude.com/little-alchemy-2-cheats/letter.html
librarian,https://littlealchemy2.gambledude.com/little-alchemy-2-cheats/librarian.html
library,https://littlealchemy2.gambledude.com/little-alchemy-2-cheats/library.html
life,https://littlealchemy2.gambledude.com/little-alchemy-2-cheats/life.html
light,https://littlealchemy2.gambledude.com/little-alchemy-2-cheats/light.html
light bulb,https://littlealchemy2.gambledude.com/little-alchemy-2-cheats/light-bulb.html
light sword,https://littlealchemy2.gambledude.com/little-alchemy-2-cheats/light-sword.html
lighthouse,https://littlealchemy2.gambledude.com/little-alchemy-2-cheats/lighthouse.html
lightning,https://littlealchemy2.gambledude.com/little-alchemy-2-cheats/lightning.html
lion,https://littlealchemy2.gambledude.com/little-alchemy-2-cheats/lion.html
liquid,https://littlealchemy2.gambledude.com/little-alchemy-2-cheats/liquid.html
little alchemy,https://littlealchemy2.gambledude.com/little-alchemy-2-cheats/little-alchemy.html
livestock,https://littlealchemy2.gambledude.com/little-alchemy-2-cheats/livestock.html
lizard,https://littlealchemy2.gambledude.com/little-alchemy-2-cheats/lizard.html
log cabin,https://littlealchemy2.gambledude.com/little-alchemy-2-cheats/log-cabin.html
love,https://littlealchemy2.gambledude.com/little-alchemy-2-cheats/love.html
lumberjack,https://littlealchemy2.gambledude.com/little-alchemy-2-cheats/lumberjack.html
Maahes,https://littlealchemy2.gambledude.com/little-alchemy-2-cheats/maahes.html
mac and cheese,https://littlealchemy2.gambledude.com/little-alchemy-2-cheats/mac-and-cheese.html
machine,https://littlealchemy2.gambledude.com/little-alchemy-2-cheats/machine.html
magic,https://littlealchemy2.gambledude.com/little-alchemy-2-cheats/magic.html
Magic Lamp,https://littlealchemy2.gambledude.com/little-alchemy-2-cheats/magic-lamp.html
magma,https://littlealchemy2.gambledude.com/little-alchemy-2-cheats/magma.html
mail truck,https://littlealchemy2.gambledude.com/little-alchemy-2-cheats/mail-truck.html
mailbox,https://littlealchemy2.gambledude.com/little-alchemy-2-cheats/mailbox.html
mailman,https://littlealchemy2.gambledude.com/little-alchemy-2-cheats/mailman.html
manatee,https://littlealchemy2.gambledude.com/little-alchemy-2-cheats/manatee.html
map,https://littlealchemy2.gambledude.com/little-alchemy-2-cheats/map.html
maple syrup,https://littlealchemy2.gambledude.com/little-alchemy-2-cheats/maple-syrup.html
Mara,https://littlealchemy2.gambledude.com/little-alchemy-2-cheats/mara.html
mars,https://littlealchemy2.gambledude.com/little-alchemy-2-cheats/mars.html
marshmallows,https://littlealchemy2.gambledude.com/little-alchemy-2-cheats/marshmallows.html
Maui,https://littlealchemy2.gambledude.com/little-alchemy-2-cheats/maui.html
Maui's Fishhook,https://littlealchemy2.gambledude.com/little-alchemy-2-cheats/mauis-fishhook.html
mayonnaise,https://littlealchemy2.gambledude.com/little-alchemy-2-cheats/mayonnaise.html
meat,https://littlealchemy2.gambledude.com/little-alchemy-2-cheats/meat.html
medusa,https://littlealchemy2.gambledude.com/little-alchemy-2-cheats/medusa.html
mercury,https://littlealchemy2.gambledude.com/little-alchemy-2-cheats/mercury.html
mermaid,https://littlealchemy2.gambledude.com/little-alchemy-2-cheats/mermaid.html
metal,https://littlealchemy2.gambledude.com/little-alchemy-2-cheats/metal.html
meteor,https://littlealchemy2.gambledude.com/little-alchemy-2-cheats/meteor.html
meteoroid,https://littlealchemy2.gambledude.com/little-alchemy-2-cheats/meteoroid.html
microscope,https://littlealchemy2.gambledude.com/little-alchemy-2-cheats/microscope.html
milk,https://littlealchemy2.gambledude.com/little-alchemy-2-cheats/milk.html
milk shake,https://littlealchemy2.gambledude.com/little-alchemy-2-cheats/milk-shake.html
Mimic,https://littlealchemy2.gambledude.com/little-alchemy-2-cheats/mimic.html
mineral,https://littlealchemy2.gambledude.com/little-alchemy-2-cheats/mineral.html
minotaur,https://littlealchemy2.gambledude.com/little-alchemy-2-cheats/minotaur.html
mirror,https://littlealchemy2.gambledude.com/little-alchemy-2-cheats/mirror.html
mist,https://littlealchemy2.gambledude.com/little-alchemy-2-cheats/mist.html
Mjölnir,https://littlealchemy2.gambledude.com/little-alchemy-2-cheats/mjoelnir.html
mold,https://littlealchemy2.gambledude.com/little-alchemy-2-cheats/mold.html
monarch,https://littlealchemy2.gambledude.com/little-alchemy-2-cheats/monarch.html
money,https://littlealchemy2.gambledude.com/little-alchemy-2-cheats/money.html
monkey,https://littlealchemy2.gambledude.com/little-alchemy-2-cheats/monkey.html
Monster,https://littlealchemy2.gambledude.com/little-alchemy-2-cheats/monster.html
moon,https://littlealchemy2.gambledude.com/little-alchemy-2-cheats/moon.html
moon rover,https://littlealchemy2.gambledude.com/little-alchemy-2-cheats/moon-rover.html
moss,https://littlealchemy2.gambledude.com/little-alchemy-2-cheats/moss.html
moth,https://littlealchemy2.gambledude.com/little-alchemy-2-cheats/moth.html
Mothman,https://littlealchemy2.gambledude.com/little-alchemy-2-cheats/mothman.html
motion,https://littlealchemy2.gambledude.com/little-alchemy-2-cheats/motion.html
motorcycle,https://littlealchemy2.gambledude.com/little-alchemy-2-cheats/motorcycle.html
Mount Olympus,https://littlealchemy2.gambledude.com/little-alchemy-2-cheats/mount-olympus.html
mountain,https://littlealchemy2.gambledude.com/little-alchemy-2-cheats/mountain.html
mountain goat,https://littlealchemy2.gambledude.com/little-alchemy-2-cheats/mountain-goat.html
mountain range,https://littlealchemy2.gambledude.com/little-alchemy-2-cheats/mountain-range.html
mouse,https://littlealchemy2.gambledude.com/little-alchemy-2-cheats/mouse.html
mousetrap,https://littlealchemy2.gambledude.com/little-alchemy-2-cheats/mousetrap.html
mud,https://littlealchemy2.gambledude.com/little-alchemy-2-cheats/mud.html
mummy,https://littlealchemy2.gambledude.com/little-alchemy-2-cheats/mummy.html
music,https://littlealchemy2.gambledude.com/little-alchemy-2-cheats/music.html
musician,https://littlealchemy2.gambledude.com/little-alchemy-2-cheats/musician.html
narwhal,https://littlealchemy2.gambledude.com/little-alchemy-2-cheats/narwhal.html
Necromancer,https://littlealchemy2.gambledude.com/little-alchemy-2-cheats/necromancer.html
Necronomicon,https://littlealchemy2.gambledude.com/little-alchemy-2-cheats/necronomicon.html
needle,https://littlealchemy2.gambledude.com/little-alchemy-2-cheats/needle.html
nessie,https://littlealchemy2.gambledude.com/little-alchemy-2-cheats/nessie.html
nest,https://littlealchemy2.gambledude.com/little-alchemy-2-cheats/nest.html
net,https://littlealchemy2.gambledude.com/little-alchemy-2-cheats/net.html
newspaper,https://littlealchemy2.gambledude.com/little-alchemy-2-cheats/newspaper.html
night,https://littlealchemy2.gambledude.com/little-alchemy-2-cheats/night.html
ninja,https://littlealchemy2.gambledude.com/little-alchemy-2-cheats/ninja.html
ninja turtle,https://littlealchemy2.gambledude.com/little-alchemy-2-cheats/ninja-turtle.html
nuts,https://littlealchemy2.gambledude.com/little-alchemy-2-cheats/nuts.html
oasis,https://littlealchemy2.gambledude.com/little-alchemy-2-cheats/oasis.html
obsidian,https://littlealchemy2.gambledude.com/little-alchemy-2-cheats/obsidian.html
ocean,https://littlealchemy2.gambledude.com/little-alchemy-2-cheats/ocean.html
oil,https://littlealchemy2.gambledude.com/little-alchemy-2-cheats/oil.html
omelette,https://littlealchemy2.gambledude.com/little-alchemy-2-cheats/omelette.html
Oni,https://littlealchemy2.gambledude.com/little-alchemy-2-cheats/oni.html
Ooze,https://littlealchemy2.gambledude.com/little-alchemy-2-cheats/ooze.html
optical fiber,https://littlealchemy2.gambledude.com/little-alchemy-2-cheats/optical-fiber.html
Orc,https://littlealchemy2.gambledude.com/little-alchemy-2-cheats/orc.html
orchard,https://littlealchemy2.gambledude.com/little-alchemy-2-cheats/orchard.html
ore,https://littlealchemy2.gambledude.com/little-alchemy-2-cheats/ore.html
organic matter,https://littlealchemy2.gambledude.com/little-alchemy-2-cheats/organic-matter.html
origami,https://littlealchemy2.gambledude.com/little-alchemy-2-cheats/origami.html
ostrich,https://littlealchemy2.gambledude.com/little-alchemy-2-cheats/ostrich.html
Ouroboros,https://littlealchemy2.gambledude.com/little-alchemy-2-cheats/ouroboros.html
owl,https://littlealchemy2.gambledude.com/little-alchemy-2-cheats/owl.html
oxygen,https://littlealchemy2.gambledude.com/little-alchemy-2-cheats/oxygen.html
ozone,https://littlealchemy2.gambledude.com/little-alchemy-2-cheats/ozone.html
paint,https://littlealchemy2.gambledude.com/little-alchemy-2-cheats/paint.html
painter,https://littlealchemy2.gambledude.com/little-alchemy-2-cheats/painter.html
painting,https://littlealchemy2.gambledude.com/little-alchemy-2-cheats/painting.html
Paladin,https://littlealchemy2.gambledude.com/little-alchemy-2-cheats/paladin.html
paleontologist,https://littlealchemy2.gambledude.com/little-alchemy-2-cheats/paleontologist.html
palm,https://littlealchemy2.gambledude.com/little-alchemy-2-cheats/palm.html
pan flute,https://littlealchemy2.gambledude.com/little-alchemy-2-cheats/pan-flute.html
Pandora's Box,https://littlealchemy2.gambledude.com/little-alchemy-2-cheats/pandoras-box.html
paper,https://littlealchemy2.gambledude.com/little-alchemy-2-cheats/paper.html
paper airplane,https://littlealchemy2.gambledude.com/little-alchemy-2-cheats/paper-airplane.html
paper cup,https://littlealchemy2.gambledude.com/little-alchemy-2-cheats/paper-cup.html
parachute,https://littlealchemy2.gambledude.com/little-alchemy-2-cheats/parachute.html
paraglider,https://littlealchemy2.gambledude.com/little-alchemy-2-cheats/paraglider.html
park,https://littlealchemy2.gambledude.com/little-alchemy-2-cheats/park.html
parrot,https://littlealchemy2.gambledude.com/little-alchemy-2-cheats/parrot.html
pasta,https://littlealchemy2.gambledude.com/little-alchemy-2-cheats/pasta.html
Paul Bunyan,https://littlealchemy2.gambledude.com/little-alchemy-2-cheats/paul-bunyan.html
Peach of Immortality,https://littlealchemy2.gambledude.com/little-alchemy-2-cheats/peach-of-immortality.html
peacock,https://littlealchemy2.gambledude.com/little-alchemy-2-cheats/peacock.html
peanut butter,https://littlealchemy2.gambledude.com/little-alchemy-2-cheats/peanut-butter.html
peat,https://littlealchemy2.gambledude.com/little-alchemy-2-cheats/peat.html
pebble,https://littlealchemy2.gambledude.com/little-alchemy-2-cheats/pebble.html
pegasus,https://littlealchemy2.gambledude.com/little-alchemy-2-cheats/pegasus.html
pencil,https://littlealchemy2.gambledude.com/little-alchemy-2-cheats/pencil.html
pencil sharpener,https://littlealchemy2.gambledude.com/little-alchemy-2-cheats/pencil-sharpener.html
penguin,https://littlealchemy2.gambledude.com/little-alchemy-2-cheats/penguin.html
penicillin,https://littlealchemy2.gambledude.com/little-alchemy-2-cheats/penicillin.html
perfume,https://littlealchemy2.gambledude.com/little-alchemy-2-cheats/perfume.html
petroleum,https://littlealchemy2.gambledude.com/little-alchemy-2-cheats/petroleum.html
Philosopher's Stone,https://littlealchemy2.gambledude.com/little-alchemy-2-cheats/philosophers-stone.html
philosophy,https://littlealchemy2.gambledude.com/little-alchemy-2-cheats/philosophy.html
phoenix,https://littlealchemy2.gambledude.com/little-alchemy-2-cheats/phoenix.html
picnic,https://littlealchemy2.gambledude.com/little-alchemy-2-cheats/picnic.html
pie,https://littlealchemy2.gambledude.com/little-alchemy-2-cheats/pie.html
pig,https://littlealchemy2.gambledude.com/little-alchemy-2-cheats/pig.html
pigeon,https://littlealchemy2.gambledude.com/little-alchemy-2-cheats/pigeon.html
piggy bank,https://littlealchemy2.gambledude.com/little-alchemy-2-cheats/piggy-bank.html
pilot,https://littlealchemy2.gambledude.com/little-alchemy-2-cheats/pilot.html
pinocchio,https://littlealchemy2.gambledude.com/little-alchemy-2-cheats/pinocchio.html
pipe,https://littlealchemy2.gambledude.com/little-alchemy-2-cheats/pipe.html
piranha,https://littlealchemy2.gambledude.com/little-alchemy-2-cheats/piranha.html
pirate,https://littlealchemy2.gambledude.com/little-alchemy-2-cheats/pirate.html
pirate ship,https://littlealchemy2.gambledude.com/little-alchemy-2-cheats/pirate-ship.html
pitchfork,https://littlealchemy2.gambledude.com/little-alchemy-2-cheats/pitchfork.html
pizza,https://littlealchemy2.gambledude.com/little-alchemy-2-cheats/pizza.html
planet,https://littlealchemy2.gambledude.com/little-alchemy-2-cheats/planet.html
plankton,https://littlealchemy2.gambledude.com/little-alchemy-2-cheats/plankton.html
plant,https://littlealchemy2.gambledude.com/little-alchemy-2-cheats/plant.html
plasma,https://littlealchemy2.gambledude.com/little-alchemy-2-cheats/plasma.html
platypus,https://littlealchemy2.gambledude.com/little-alchemy-2-cheats/platypus.html
plow,https://littlealchemy2.gambledude.com/little-alchemy-2-cheats/plow.html
polar bear,https://littlealchemy2.gambledude.com/little-alchemy-2-cheats/polar-bear.html
pollen,https://littlealchemy2.gambledude.com/little-alchemy-2-cheats/pollen.html
pond,https://littlealchemy2.gambledude.com/little-alchemy-2-cheats/pond.html
popsicle,https://littlealchemy2.gambledude.com/little-alchemy-2-cheats/popsicle.html
Poseidon,https://littlealchemy2.gambledude.com/little-alchemy-2-cheats/poseidon.html
post office,https://littlealchemy2.gambledude.com/little-alchemy-2-cheats/post-office.html
potato,https://littlealchemy2.gambledude.com/little-alchemy-2-cheats/potato.html
potter,https://littlealchemy2.gambledude.com/little-alchemy-2-cheats/potter.html
pottery,https://littlealchemy2.gambledude.com/little-alchemy-2-cheats/pottery.html
pressure,https://littlealchemy2.gambledude.com/little-alchemy-2-cheats/pressure.html
primordial soup,https://littlealchemy2.gambledude.com/little-alchemy-2-cheats/primordial-soup.html
printer,https://littlealchemy2.gambledude.com/little-alchemy-2-cheats/printer.html
prism,https://littlealchemy2.gambledude.com/little-alchemy-2-cheats/prism.html
Prometheus,https://littlealchemy2.gambledude.com/little-alchemy-2-cheats/prometheus.html
pterodactyl,https://littlealchemy2.gambledude.com/little-alchemy-2-cheats/pterodactyl.html
puddle,https://littlealchemy2.gambledude.com/little-alchemy-2-cheats/puddle.html
pumpkin,https://littlealchemy2.gambledude.com/little-alchemy-2-cheats/pumpkin.html
pyramid,https://littlealchemy2.gambledude.com/little-alchemy-2-cheats/pyramid.html
Quetzalcoatl,https://littlealchemy2.gambledude.com/little-alchemy-2-cheats/quetzalcoatl.html
quicksand,https://littlealchemy2.gambledude.com/little-alchemy-2-cheats/quicksand.html
quicksilver,https://littlealchemy2.gambledude.com/little-alchemy-2-cheats/quicksilver.html
Ra,https://littlealchemy2.gambledude.com/little-alchemy-2-cheats/ra.html
rabbit,https://littlealchemy2.gambledude.com/little-alchemy-2-cheats/rabbit.html
rain,https://littlealchemy2.gambledude.com/little-alchemy-2-cheats/rain.html
rainbow,https://littlealchemy2.gambledude.com/little-alchemy-2-cheats/rainbow.html
Rainbow Serpent,https://littlealchemy2.gambledude.com/little-alchemy-2-cheats/rainbow-serpent.html
rainforest,https://littlealchemy2.gambledude.com/little-alchemy-2-cheats/rainforest.html
rat,https://littlealchemy2.gambledude.com/little-alchemy-2-cheats/rat.html
recipe,https://littlealchemy2.gambledude.com/little-alchemy-2-cheats/recipe.html
reed,https://littlealchemy2.gambledude.com/little-alchemy-2-cheats/reed.html
reindeer,https://littlealchemy2.gambledude.com/little-alchemy-2-cheats/reindeer.html
restaurant,https://littlealchemy2.gambledude.com/little-alchemy-2-cheats/restaurant.html
ring,https://littlealchemy2.gambledude.com/little-alchemy-2-cheats/ring.html
river,https://littlealchemy2.gambledude.com/little-alchemy-2-cheats/river.html
rivulet,https://littlealchemy2.gambledude.com/little-alchemy-2-cheats/rivulet.html
robot,https://littlealchemy2.gambledude.com/little-alchemy-2-cheats/robot.html
robot vacuum,https://littlealchemy2.gambledude.com/little-alchemy-2-cheats/robot-vacuum.html
Roc,https://littlealchemy2.gambledude.com/little-alchemy-2-cheats/roc.html
rock,https://littlealchemy2.gambledude.com/little-alchemy-2-cheats/rock.html
rocket,https://littlealchemy2.gambledude.com/little-alchemy-2-cheats/rocket.html
roe,https://littlealchemy2.gambledude.com/little-alchemy-2-cheats/roe.html
roller coaster,https://littlealchemy2.gambledude.com/little-alchemy-2-cheats/roller-coaster.html
rope,https://littlealchemy2.gambledude.com/little-alchemy-2-cheats/rope.html
rose,https://littlealchemy2.gambledude.com/little-alchemy-2-cheats/rose.html
ruins,https://littlealchemy2.gambledude.com/little-alchemy-2-cheats/ruins.html
ruler,https://littlealchemy2.gambledude.com/little-alchemy-2-cheats/ruler.html
rust,https://littlealchemy2.gambledude.com/little-alchemy-2-cheats/rust.html
rv,https://littlealchemy2.gambledude.com/little-alchemy-2-cheats/rv.html
sack,https://littlealchemy2.gambledude.com/little-alchemy-2-cheats/sack.html
saddle,https://littlealchemy2.gambledude.com/little-alchemy-2-cheats/saddle.html
safe,https://littlealchemy2.gambledude.com/little-alchemy-2-cheats/safe.html
safety glasses,https://littlealchemy2.gambledude.com/little-alchemy-2-cheats/safety-glasses.html
sailboat,https://littlealchemy2.gambledude.com/little-alchemy-2-cheats/sailboat.html
sailor,https://littlealchemy2.gambledude.com/little-alchemy-2-cheats/sailor.html
salamander,https://littlealchemy2.gambledude.com/little-alchemy-2-cheats/salamander.html
salt,https://littlealchemy2.gambledude.com/little-alchemy-2-cheats/salt.html
samurai,https://littlealchemy2.gambledude.com/little-alchemy-2-cheats/samurai.html
sand,https://littlealchemy2.gambledude.com/little-alchemy-2-cheats/sand.html
sand castle,https://littlealchemy2.gambledude.com/little-alchemy-2-cheats/sand-castle.html
Sandman,https://littlealchemy2.gambledude.com/little-alchemy-2-cheats/sandman.html
sandpaper,https://littlealchemy2.gambledude.com/little-alchemy-2-cheats/sandpaper.html
sandstone,https://littlealchemy2.gambledude.com/little-alchemy-2-cheats/sandstone.html
sandstorm,https://littlealchemy2.gambledude.com/little-alchemy-2-cheats/sandstorm.html
sandwich,https://littlealchemy2.gambledude.com/little-alchemy-2-cheats/sandwich.html
santa,https://littlealchemy2.gambledude.com/little-alchemy-2-cheats/santa.html
sap,https://littlealchemy2.gambledude.com/little-alchemy-2-cheats/sap.html
saturn,https://littlealchemy2.gambledude.com/little-alchemy-2-cheats/saturn.html
scalpel,https://littlealchemy2.gambledude.com/little-alchemy-2-cheats/scalpel.html
scarecrow,https://littlealchemy2.gambledude.com/little-alchemy-2-cheats/scarecrow.html
science,https://littlealchemy2.gambledude.com/little-alchemy-2-cheats/science.html
scissors,https://littlealchemy2.gambledude.com/little-alchemy-2-cheats/scissors.html
scorpion,https://littlealchemy2.gambledude.com/little-alchemy-2-cheats/scorpion.html
scuba tank,https://littlealchemy2.gambledude.com/little-alchemy-2-cheats/scuba-tank.html
scythe,https://littlealchemy2.gambledude.com/little-alchemy-2-cheats/scythe.html
sea,https://littlealchemy2.gambledude.com/little-alchemy-2-cheats/sea.html
seagull,https://littlealchemy2.gambledude.com/little-alchemy-2-cheats/seagull.html
seahorse,https://littlealchemy2.gambledude.com/little-alchemy-2-cheats/seahorse.html
seal,https://littlealchemy2.gambledude.com/little-alchemy-2-cheats/seal.html
seaplane,https://littlealchemy2.gambledude.com/little-alchemy-2-cheats/seaplane.html
seasickness,https://littlealchemy2.gambledude.com/little-alchemy-2-cheats/seasickness.html
seaweed,https://littlealchemy2.gambledude.com/little-alchemy-2-cheats/seaweed.html
seed,https://littlealchemy2.gambledude.com/little-alchemy-2-cheats/seed.html
Selkie,https://littlealchemy2.gambledude.com/little-alchemy-2-cheats/selkie.html
sewing machine,https://littlealchemy2.gambledude.com/little-alchemy-2-cheats/sewing-machine.html
shark,https://littlealchemy2.gambledude.com/little-alchemy-2-cheats/shark.html
sheep,https://littlealchemy2.gambledude.com/little-alchemy-2-cheats/sheep.html
sheet music,https://littlealchemy2.gambledude.com/little-alchemy-2-cheats/sheet-music.html
shipwreck,https://littlealchemy2.gambledude.com/little-alchemy-2-cheats/shipwreck.html
shovel,https://littlealchemy2.gambledude.com/little-alchemy-2-cheats/shovel.html
shuriken,https://littlealchemy2.gambledude.com/little-alchemy-2-cheats/shuriken.html
sickness,https://littlealchemy2.gambledude.com/little-alchemy-2-cheats/sickness.html
silo,https://littlealchemy2.gambledude.com/little-alchemy-2-cheats/silo.html
skateboard,https://littlealchemy2.gambledude.com/little-alchemy-2-cheats/skateboard.html
skeleton,https://littlealchemy2.gambledude.com/little-alchemy-2-cheats/skeleton.html
ski goggles,https://littlealchemy2.gambledude.com/little-alchemy-2-cheats/ski-goggles.html
skier,https://littlealchemy2.gambledude.com/little-alchemy-2-cheats/skier.html
sky,https://littlealchemy2.gambledude.com/little-alchemy-2-cheats/sky.html
skyscraper,https://littlealchemy2.gambledude.com/little-alchemy-2-cheats/skyscraper.html
sleigh,https://littlealchemy2.gambledude.com/little-alchemy-2-cheats/sleigh.html
sloth,https://littlealchemy2.gambledude.com/little-alchemy-2-cheats/sloth.html
small,https://littlealchemy2.gambledude.com/little-alchemy-2-cheats/small.html
smartphone,https://littlealchemy2.gambledude.com/little-alchemy-2-cheats/smartphone.html
smog,https://littlealchemy2.gambledude.com/little-alchemy-2-cheats/smog.html
smoke,https://littlealchemy2.gambledude.com/little-alchemy-2-cheats/smoke.html
smoke signal,https://littlealchemy2.gambledude.com/little-alchemy-2-cheats/smoke-signal.html
smoothie,https://littlealchemy2.gambledude.com/little-alchemy-2-cheats/smoothie.html
snake,https://littlealchemy2.gambledude.com/little-alchemy-2-cheats/snake.html
snow,https://littlealchemy2.gambledude.com/little-alchemy-2-cheats/snow.html
snow globe,https://littlealchemy2.gambledude.com/little-alchemy-2-cheats/snow-globe.html
snowball,https://littlealchemy2.gambledude.com/little-alchemy-2-cheats/snowball.html
snowboard,https://littlealchemy2.gambledude.com/little-alchemy-2-cheats/snowboard.html
snowboarder,https://littlealchemy2.gambledude.com/little-alchemy-2-cheats/snowboarder.html
snowman,https://littlealchemy2.gambledude.com/little-alchemy-2-cheats/snowman.html
snowmobile,https://littlealchemy2.gambledude.com/little-alchemy-2-cheats/snowmobile.html
soap,https://littlealchemy2.gambledude.com/little-alchemy-2-cheats/soap.html
soda,https://littlealchemy2.gambledude.com/little-alchemy-2-cheats/soda.html
soil,https://littlealchemy2.gambledude.com/little-alchemy-2-cheats/soil.html
solar cell,https://littlealchemy2.gambledude.com/little-alchemy-2-cheats/solar-cell.html
solar system,https://littlealchemy2.gambledude.com/little-alchemy-2-cheats/solar-system.html
solid,https://littlealchemy2.gambledude.com/little-alchemy-2-cheats/solid.html
sound,https://littlealchemy2.gambledude.com/little-alchemy-2-cheats/sound.html
space,https://littlealchemy2.gambledude.com/little-alchemy-2-cheats/space.html
space station,https://littlealchemy2.gambledude.com/little-alchemy-2-cheats/space-station.html
spaceship,https://littlealchemy2.gambledude.com/little-alchemy-2-cheats/spaceship.html
spaghetti,https://littlealchemy2.gambledude.com/little-alchemy-2-cheats/spaghetti.html
sphinx,https://littlealchemy2.gambledude.com/little-alchemy-2-cheats/sphinx.html
spider,https://littlealchemy2.gambledude.com/little-alchemy-2-cheats/spider.html
spoon,https://littlealchemy2.gambledude.com/little-alchemy-2-cheats/spoon.html
spotlight,https://littlealchemy2.gambledude.com/little-alchemy-2-cheats/spotlight.html
sprinkles,https://littlealchemy2.gambledude.com/little-alchemy-2-cheats/sprinkles.html
squirrel,https://littlealchemy2.gambledude.com/little-alchemy-2-cheats/squirrel.html
star,https://littlealchemy2.gambledude.com/little-alchemy-2-cheats/star.html
starfish,https://littlealchemy2.gambledude.com/little-alchemy-2-cheats/starfish.html
statue,https://littlealchemy2.gambledude.com/little-alchemy-2-cheats/statue.html
steak,https://littlealchemy2.gambledude.com/little-alchemy-2-cheats/steak.html
steam,https://littlealchemy2.gambledude.com/little-alchemy-2-cheats/steam.html
steam engine,https://littlealchemy2.gambledude.com/little-alchemy-2-cheats/steam-engine.html
steamboat,https://littlealchemy2.gambledude.com/little-alchemy-2-cheats/steamboat.html
steel,https://littlealchemy2.gambledude.com/little-alchemy-2-cheats/steel.html
steel wool,https://littlealchemy2.gambledude.com/little-alchemy-2-cheats/steel-wool.html
stethoscope,https://littlealchemy2.gambledude.com/little-alchemy-2-cheats/stethoscope.html
stone,https://littlealchemy2.gambledude.com/little-alchemy-2-cheats/stone.html
storm,https://littlealchemy2.gambledude.com/little-alchemy-2-cheats/storm.html
story,https://littlealchemy2.gambledude.com/little-alchemy-2-cheats/story.html
stream,https://littlealchemy2.gambledude.com/little-alchemy-2-cheats/stream.html
string phone,https://littlealchemy2.gambledude.com/little-alchemy-2-cheats/string-phone.html
stun gun,https://littlealchemy2.gambledude.com/little-alchemy-2-cheats/stun-gun.html
sugar,https://littlealchemy2.gambledude.com/little-alchemy-2-cheats/sugar.html
sun,https://littlealchemy2.gambledude.com/little-alchemy-2-cheats/sun.html
Sun Wukong,https://littlealchemy2.gambledude.com/little-alchemy-2-cheats/sun-wukong.html
sundial,https://littlealchemy2.gambledude.com/little-alchemy-2-cheats/sundial.html
sunflower,https://littlealchemy2.gambledude.com/little-alchemy-2-cheats/sunflower.html
sunglasses,https://littlealchemy2.gambledude.com/little-alchemy-2-cheats/sunglasses.html
supernova,https://littlealchemy2.gambledude.com/little-alchemy-2-cheats/supernova.html
surfer,https://littlealchemy2.gambledude.com/little-alchemy-2-cheats/surfer.html
sushi,https://littlealchemy2.gambledude.com/little-alchemy-2-cheats/sushi.html
swamp,https://littlealchemy2.gambledude.com/little-alchemy-2-cheats/swamp.html
sweater,https://littlealchemy2.gambledude.com/little-alchemy-2-cheats/sweater.html
swim goggles,https://littlealchemy2.gambledude.com/little-alchemy-2-cheats/swim-goggles.html
swimmer,https://littlealchemy2.gambledude.com/little-alchemy-2-cheats/swimmer.html
swimming pool,https://littlealchemy2.gambledude.com/little-alchemy-2-cheats/swimming-pool.html
sword,https://littlealchemy2.gambledude.com/little-alchemy-2-cheats/sword.html
swordfish,https://littlealchemy2.gambledude.com/little-alchemy-2-cheats/swordfish.html
syringe,https://littlealchemy2.gambledude.com/little-alchemy-2-cheats/syringe.html
tablet,https://littlealchemy2.gambledude.com/little-alchemy-2-cheats/tablet.html
tailor,https://littlealchemy2.gambledude.com/little-alchemy-2-cheats/tailor.html
tank,https://littlealchemy2.gambledude.com/little-alchemy-2-cheats/tank.html
Tawaret,https://littlealchemy2.gambledude.com/little-alchemy-2-cheats/tawaret.html
tea,https://littlealchemy2.gambledude.com/little-alchemy-2-cheats/tea.html
telescope,https://littlealchemy2.gambledude.com/little-alchemy-2-cheats/telescope.html
Tengu,https://littlealchemy2.gambledude.com/little-alchemy-2-cheats/tengu.html
tent,https://littlealchemy2.gambledude.com/little-alchemy-2-cheats/tent.html
the one ring,https://littlealchemy2.gambledude.com/little-alchemy-2-cheats/the-one-ring.html
thermometer,https://littlealchemy2.gambledude.com/little-alchemy-2-cheats/thermometer.html
Thor,https://littlealchemy2.gambledude.com/little-alchemy-2-cheats/thor.html
thread,https://littlealchemy2.gambledude.com/little-alchemy-2-cheats/thread.html
tide,https://littlealchemy2.gambledude.com/little-alchemy-2-cheats/tide.html
time,https://littlealchemy2.gambledude.com/little-alchemy-2-cheats/time.html
titanic,https://littlealchemy2.gambledude.com/little-alchemy-2-cheats/titanic.html
toast,https://littlealchemy2.gambledude.com/little-alchemy-2-cheats/toast.html
tobacco,https://littlealchemy2.gambledude.com/little-alchemy-2-cheats/tobacco.html
tool,https://littlealchemy2.gambledude.com/little-alchemy-2-cheats/tool.html
toolbox,https://littlealchemy2.gambledude.com/little-alchemy-2-cheats/toolbox.html
tornado,https://littlealchemy2.gambledude.com/little-alchemy-2-cheats/tornado.html
toucan,https://littlealchemy2.gambledude.com/little-alchemy-2-cheats/toucan.html
tractor,https://littlealchemy2.gambledude.com/little-alchemy-2-cheats/tractor.html
train,https://littlealchemy2.gambledude.com/little-alchemy-2-cheats/train.html
trainyard,https://littlealchemy2.gambledude.com/little-alchemy-2-cheats/trainyard.html
treasure,https://littlealchemy2.gambledude.com/little-alchemy-2-cheats/treasure.html
treasure map,https://littlealchemy2.gambledude.com/little-alchemy-2-cheats/treasure-map.html
tree,https://littlealchemy2.gambledude.com/little-alchemy-2-cheats/tree.html
treehouse,https://littlealchemy2.gambledude.com/little-alchemy-2-cheats/treehouse.html
trojan horse,https://littlealchemy2.gambledude.com/little-alchemy-2-cheats/trojan-horse.html
troll,https://littlealchemy2.gambledude.com/little-alchemy-2-cheats/troll.html
tsunami,https://littlealchemy2.gambledude.com/little-alchemy-2-cheats/tsunami.html
tunnel,https://littlealchemy2.gambledude.com/little-alchemy-2-cheats/tunnel.html
turtle,https://littlealchemy2.gambledude.com/little-alchemy-2-cheats/turtle.html
twilight,https://littlealchemy2.gambledude.com/little-alchemy-2-cheats/twilight.html
tyrannosaurus rex,https://littlealchemy2.gambledude.com/little-alchemy-2-cheats/tyrannosaurus-rex.html
ufo,https://littlealchemy2.gambledude.com/little-alchemy-2-cheats/ufo.html
umbrella,https://littlealchemy2.gambledude.com/little-alchemy-2-cheats/umbrella.html
unicorn,https://littlealchemy2.gambledude.com/little-alchemy-2-cheats/unicorn.html
universe,https://littlealchemy2.gambledude.com/little-alchemy-2-cheats/universe.html
vacuum cleaner,https://littlealchemy2.gambledude.com/little-alchemy-2-cheats/vacuum-cleaner.html
Valhalla,https://littlealchemy2.gambledude.com/little-alchemy-2-cheats/valhalla.html
Valkyrie,https://littlealchemy2.gambledude.com/little-alchemy-2-cheats/valkyrie.html
vampire,https://littlealchemy2.gambledude.com/little-alchemy-2-cheats/vampire.html
vase,https://littlealchemy2.gambledude.com/little-alchemy-2-cheats/vase.html
vault,https://littlealchemy2.gambledude.com/little-alchemy-2-cheats/vault.html
vegetable,https://littlealchemy2.gambledude.com/little-alchemy-2-cheats/vegetable.html
venus,https://littlealchemy2.gambledude.com/little-alchemy-2-cheats/venus.html
village,https://littlealchemy2.gambledude.com/little-alchemy-2-cheats/village.html
vine,https://littlealchemy2.gambledude.com/little-alchemy-2-cheats/vine.html
vinegar,https://littlealchemy2.gambledude.com/little-alchemy-2-cheats/vinegar.html
Vodyanoy,https://littlealchemy2.gambledude.com/little-alchemy-2-cheats/vodyanoy.html
volcano,https://littlealchemy2.gambledude.com/little-alchemy-2-cheats/volcano.html
Vulcan,https://littlealchemy2.gambledude.com/little-alchemy-2-cheats/vulcan.html
vulture,https://littlealchemy2.gambledude.com/little-alchemy-2-cheats/vulture.html
wagon,https://littlealchemy2.gambledude.com/little-alchemy-2-cheats/wagon.html
wall,https://littlealchemy2.gambledude.com/little-alchemy-2-cheats/wall.html
wand,https://littlealchemy2.gambledude.com/little-alchemy-2-cheats/wand.html
warmth,https://littlealchemy2.gambledude.com/little-alchemy-2-cheats/warmth.html
warrior,https://littlealchemy2.gambledude.com/little-alchemy-2-cheats/warrior.html
watch,https://littlealchemy2.gambledude.com/little-alchemy-2-cheats/watch.html
water,https://littlealchemy2.gambledude.com/little-alchemy-2-cheats/water.html
water gun,https://littlealchemy2.gambledude.com/little-alchemy-2-cheats/water-gun.html
water lily,https://littlealchemy2.gambledude.com/little-alchemy-2-cheats/water-lily.html
water pipe,https://littlealchemy2.gambledude.com/little-alchemy-2-cheats/water-pipe.html
waterfall,https://littlealchemy2.gambledude.com/little-alchemy-2-cheats/waterfall.html
wave,https://littlealchemy2.gambledude.com/little-alchemy-2-cheats/wave.html
wax,https://littlealchemy2.gambledude.com/little-alchemy-2-cheats/wax.html
web,https://littlealchemy2.gambledude.com/little-alchemy-2-cheats/web.html
werewolf,https://littlealchemy2.gambledude.com/little-alchemy-2-cheats/werewolf.html
wheat,https://littlealchemy2.gambledude.com/little-alchemy-2-cheats/wheat.html
wheel,https://littlealchemy2.gambledude.com/little-alchemy-2-cheats/wheel.html
wild boar,https://littlealchemy2.gambledude.com/little-alchemy-2-cheats/wild-boar.html
Will-o'-the-Wisp,https://littlealchemy2.gambledude.com/little-alchemy-2-cheats/will-o-the-wisp.html
wind,https://littlealchemy2.gambledude.com/little-alchemy-2-cheats/wind.html
wind turbine,https://littlealchemy2.gambledude.com/little-alchemy-2-cheats/wind-turbine.html
windmill,https://littlealchemy2.gambledude.com/little-alchemy-2-cheats/windmill.html
windsurfer,https://littlealchemy2.gambledude.com/little-alchemy-2-cheats/windsurfer.html
wine,https://littlealchemy2.gambledude.com/little-alchemy-2-cheats/wine.html
wire,https://littlealchemy2.gambledude.com/little-alchemy-2-cheats/wire.html
witch,https://littlealchemy2.gambledude.com/little-alchemy-2-cheats/witch.html
wizard,https://littlealchemy2.gambledude.com/little-alchemy-2-cheats/wizard.html
wolf,https://littlealchemy2.gambledude.com/little-alchemy-2-cheats/wolf.html
Wolpertinger,https://littlealchemy2.gambledude.com/little-alchemy-2-cheats/wolpertinger.html
wood,https://littlealchemy2.gambledude.com/little-alchemy-2-cheats/wood.html
woodpecker,https://littlealchemy2.gambledude.com/little-alchemy-2-cheats/woodpecker.html
wool,https://littlealchemy2.gambledude.com/little-alchemy-2-cheats/wool.html
World Turtle,https://littlealchemy2.gambledude.com/little-alchemy-2-cheats/world-turtle.html
wrapping paper,https://littlealchemy2.gambledude.com/little-alchemy-2-cheats/wrapping-paper.html
writer,https://littlealchemy2.gambledude.com/little-alchemy-2-cheats/writer.html
yeti,https://littlealchemy2.gambledude.com/little-alchemy-2-cheats/yeti.html
Yggdrasil,https://littlealchemy2.gambledude.com/little-alchemy-2-cheats/yggdrasil.html
yogurt,https://littlealchemy2.gambledude.com/little-alchemy-2-cheats/yogurt.html
Zeus,https://littlealchemy2.gambledude.com/little-alchemy-2-cheats/zeus.html
Ziz,https://littlealchemy2.gambledude.com/little-alchemy-2-cheats/ziz.html
zombie,https://littlealchemy2.gambledude.com/little-alchemy-2-cheats/zombie.html
zoo,https://littlealchemy2.gambledude.com/little-alchemy-2-cheats/zoo.html
